"oper_id","title","business_type","method","request_method","operator_type","oper_name","dept_name","oper_url","oper_ip","oper_location","oper_param","json_result","status","error_msg","oper_time"
1,用户头像,2,com.fastbee.web.controller.system.SysProfileController.avatar(),POST,1,admin,,/system/user/profile/avatar,"127.0.0.1",内网IP,"","{""msg"":""操作成功"",""imgUrl"":""/profile/avatar/2024/11/18/blob_20241118190544A001.png"",""code"":200}",0,,"2024-11-18 19:05:44"
2,个人信息,2,com.fastbee.web.controller.system.SysProfileController.updateProfile(),PUT,1,admin,,/system/user/profile,"127.0.0.1",内网IP,"{""admin"":true,""createBy"":""admin"",""createTime"":""2021-12-15 21:36:18"",""delFlag"":""0"",""dept"":{""ancestors"":""0"",""children"":[],""deptId"":100,""deptName"":""蜂信物联"",""deptUserId"":1,""deptUserName"":""admin"",""leader"":""FastBee"",""orderNum"":0,""params"":{},""parentId"":0,""status"":""0""},""deptId"":100,""email"":""164770707@qq.com"",""loginDate"":""2024-11-18 18:58:55"",""loginIp"":""127.0.0.1"",""nickName"":""蜂信管理员"",""params"":{},""phonenumber"":""15888888888"",""remark"":""管理员"",""roles"":[{""admin"":true,""dataScope"":""1"",""deptCheckStrictly"":false,""flag"":false,""menuCheckStrictly"":false,""params"":{},""roleId"":1,""roleKey"":""admin"",""roleName"":""超级管理员"",""roleSort"":1,""status"":""0""}],""sex"":""0"",""status"":""0"",""userId"":1,""userName"":""admin""}","{""msg"":""操作成功"",""code"":200}",0,,"2024-11-18 19:05:47"
3,个人信息,2,com.fastbee.web.controller.system.SysProfileController.updateProfile(),PUT,1,admin,,/system/user/profile,"127.0.0.1",内网IP,"{""admin"":true,""createBy"":""admin"",""createTime"":""2021-12-15 21:36:18"",""delFlag"":""0"",""dept"":{""ancestors"":""0"",""children"":[],""deptId"":100,""deptName"":""蜂信物联"",""deptUserId"":1,""deptUserName"":""admin"",""leader"":""FastBee"",""orderNum"":0,""params"":{},""parentId"":0,""status"":""0""},""deptId"":100,""email"":""164770707@qq.com"",""loginDate"":""2024-11-18 18:58:55"",""loginIp"":""127.0.0.1"",""nickName"":""管理员"",""params"":{},""phonenumber"":""15888888888"",""remark"":""管理员"",""roles"":[{""admin"":true,""dataScope"":""1"",""deptCheckStrictly"":false,""flag"":false,""menuCheckStrictly"":false,""params"":{},""roleId"":1,""roleKey"":""admin"",""roleName"":""超级管理员"",""roleSort"":1,""status"":""0""}],""sex"":""0"",""status"":""0"",""userId"":1,""userName"":""admin""}","{""msg"":""操作成功"",""code"":200}",0,,"2024-11-18 19:05:54"
4,添加产品,1,com.fastbee.data.controller.ProductController.add(),POST,1,admin,,/iot/product,"127.0.0.1",内网IP,"{""categoryId"":7,""categoryName"":""其他"",""createTime"":""2024-11-18 19:55:55.435"",""deviceType"":2,""imgUrl"":"""",""isAuthorize"":0,""isSys"":0,""locationWay"":1,""mqttAccount"":""FastBee"",""mqttPassword"":""P1G81E04079TJY60"",""mqttSecret"":""K0V2W0Z913841P1Q"",""networkMethod"":1,""params"":{},""productId"":136,""productName"":""mqtt测试"",""protocolCode"":""JSON"",""status"":1,""tenantId"":1,""tenantName"":""admin"",""transport"":""MQTT"",""vertificateMethod"":3}","{""msg"":""操作成功"",""code"":200,""data"":{""categoryId"":7,""categoryName"":""其他"",""createTime"":""2024-11-18 19:55:55.435"",""deviceType"":2,""imgUrl"":"""",""isAuthorize"":0,""isSys"":0,""locationWay"":1,""mqttAccount"":""FastBee"",""mqttPassword"":""P1G81E04079TJY60"",""mqttSecret"":""K0V2W0Z913841P1Q"",""networkMethod"":1,""params"":{},""productId"":136,""productName"":""mqtt测试"",""protocolCode"":""JSON"",""status"":1,""tenantId"":1,""tenantName"":""admin"",""transport"":""MQTT"",""vertificateMethod"":3}}",0,,"2024-11-18 19:55:55"
5,更新产品状态,2,com.fastbee.data.controller.ProductController.changeProductStatus(),PUT,1,admin,,/iot/product/status/,"127.0.0.1",内网IP,"{""deviceType"":2,""productId"":136,""status"":2}","{""msg"":""发布失败，请先添加产品的物模型"",""code"":500}",0,,"2024-11-18 19:59:02"
6,物模型,1,com.fastbee.data.controller.ThingsModelController.add(),POST,1,admin,,/iot/model,"127.0.0.1",内网IP,"{""createTime"":""2024-11-18 19:59:47.682"",""datatype"":""integer"",""identifier"":""kwh"",""isChart"":1,""isHistory"":1,""isMonitor"":1,""isReadonly"":1,""isSharePerm"":1,""modelId"":883,""modelName"":""电量"",""modelOrder"":0,""params"":{},""productId"":136,""productName"":""mqtt测试"",""specs"":""{\""type\"":\""integer\"",\""min\"":0,\""max\"":100,\""unit\"":\""\"",\""step\"":1}"",""tenantId"":1,""tenantName"":""admin"",""type"":1}","{""msg"":""操作成功"",""code"":200}",0,,"2024-11-18 19:59:47"
7,更新产品状态,2,com.fastbee.data.controller.ProductController.changeProductStatus(),PUT,1,admin,,/iot/product/status/,"127.0.0.1",内网IP,"{""deviceType"":2,""productId"":136,""status"":2}","{""msg"":""操作成功"",""code"":200}",0,,"2024-11-18 19:59:51"
8,添加设备,1,com.fastbee.data.controller.DeviceController.add(),POST,1,admin,,/iot/device,"127.0.0.1",内网IP,"{""createTime"":""2024-11-18 20:00:38.407"",""deviceId"":229,""deviceName"":""mqtt-test"",""deviceType"":2,""firmwareVersion"":1,""imgUrl"":"""",""isShadow"":0,""isSimulate"":0,""locationWay"":1,""networkAddress"":""内网IP"",""networkIp"":""127.0.0.1"",""params"":{},""productId"":136,""productName"":""mqtt测试"",""rssi"":0,""serialNumber"":""D10R749Q103N"",""status"":1,""subDeviceList"":[],""tenantId"":1,""tenantName"":""admin"",""thingsModelValue"":""[{\""id\"":\""kwh\"",\""isChart\"":0,\""isHistory\"":0,\""isMonitor\"":0,\""isReadonly\"":0,\""name\"":\""电量\"",\""shadow\"":\""\"",\""value\"":\""\""}]""}","{""msg"":""操作成功"",""code"":200,""data"":{""createTime"":""2024-11-18 20:00:38.407"",""deviceId"":229,""deviceName"":""mqtt-test"",""deviceType"":2,""firmwareVersion"":1,""imgUrl"":"""",""isShadow"":0,""isSimulate"":0,""locationWay"":1,""networkAddress"":""内网IP"",""networkIp"":""127.0.0.1"",""params"":{},""productId"":136,""productName"":""mqtt测试"",""rssi"":0,""serialNumber"":""D10R749Q103N"",""status"":1,""subDeviceList"":[],""tenantId"":1,""tenantName"":""admin"",""thingsModelValue"":""[{\""id\"":\""kwh\"",\""isChart\"":0,\""isHistory\"":0,\""isMonitor\"":0,\""isReadonly\"":0,\""name\"":\""电量\"",\""shadow\"":\""\"",\""value\"":\""\""}]""}}",0,,"2024-11-18 20:00:38"
9,更新产品状态,2,com.fastbee.data.controller.ProductController.changeProductStatus(),PUT,1,admin,,/iot/product/status/,"127.0.0.1",内网IP,"{""deviceType"":2,""productId"":136,""status"":1}","{""msg"":""操作成功"",""code"":200}",0,,"2024-11-18 20:20:50"
10,物模型,1,com.fastbee.data.controller.ThingsModelController.add(),POST,1,admin,,/iot/model,"127.0.0.1",内网IP,"{""createTime"":""2024-11-18 20:21:45.213"",""datatype"":""integer"",""identifier"":""kwha"",""isChart"":1,""isHistory"":1,""isMonitor"":1,""isReadonly"":1,""isSharePerm"":1,""modelId"":884,""modelName"":""总电量"",""modelOrder"":1,""params"":{},""productId"":136,""productName"":""mqtt测试"",""specs"":""{\""type\"":\""integer\"",\""min\"":1,\""max\"":1000000,\""unit\"":\""kwh\"",\""step\"":1}"",""tenantId"":1,""tenantName"":""admin"",""type"":1}","{""msg"":""操作成功"",""code"":200}",0,,"2024-11-18 20:21:45"
11,更新产品状态,2,com.fastbee.data.controller.ProductController.changeProductStatus(),PUT,1,admin,,/iot/product/status/,"127.0.0.1",内网IP,"{""deviceType"":2,""productId"":136,""status"":2}","{""msg"":""操作成功"",""code"":200}",0,,"2024-11-18 20:22:01"
12,更新产品状态,2,com.fastbee.data.controller.ProductController.changeProductStatus(),PUT,1,admin,,/iot/product/status/,"127.0.0.1",内网IP,"{""deviceType"":2,""productId"":136,""status"":1}","{""msg"":""操作成功"",""code"":200}",0,,"2024-11-19 15:01:00"
13,物模型,2,com.fastbee.data.controller.ThingsModelController.edit(),PUT,1,admin,,/iot/model,"127.0.0.1",内网IP,"{""createBy"":"""",""createTime"":""2024-11-18 20:21:45"",""datatype"":""integer"",""delFlag"":""0"",""identifier"":""kwhc"",""isChart"":1,""isHistory"":1,""isMonitor"":1,""isReadonly"":1,""isSharePerm"":1,""modelId"":884,""modelName"":""总电量"",""modelOrder"":1,""params"":{},""productId"":136,""productName"":""mqtt测试"",""specs"":""{\""type\"":\""integer\"",\""min\"":1,\""max\"":100,\""unit\"":\""kwh\"",\""step\"":1}"",""tenantId"":1,""tenantName"":""admin"",""type"":1,""updateBy"":"""",""updateTime"":""2024-11-19 15:01:24.286""}","{""msg"":""操作成功"",""code"":200}",0,,"2024-11-19 15:01:24"
14,物模型,2,com.fastbee.data.controller.ThingsModelController.edit(),PUT,1,admin,,/iot/model,"127.0.0.1",内网IP,"{""createBy"":"""",""createTime"":""2024-11-18 20:21:45"",""datatype"":""integer"",""delFlag"":""0"",""identifier"":""kwhc"",""isChart"":1,""isHistory"":1,""isMonitor"":1,""isReadonly"":1,""isSharePerm"":1,""modelId"":884,""modelName"":""总电量"",""modelOrder"":9,""params"":{},""productId"":136,""productName"":""mqtt测试"",""specs"":""{\""type\"":\""integer\"",\""min\"":1,\""max\"":100,\""unit\"":\""kwh\"",\""step\"":1}"",""tenantId"":1,""tenantName"":""admin"",""type"":1,""updateBy"":"""",""updateTime"":""2024-11-19 15:01:42.296""}","{""msg"":""操作成功"",""code"":200}",0,,"2024-11-19 15:01:42"
15,物模型,2,com.fastbee.data.controller.ThingsModelController.edit(),PUT,1,admin,,/iot/model,"127.0.0.1",内网IP,"{""createBy"":"""",""createTime"":""2024-11-18 19:59:48"",""datatype"":""integer"",""delFlag"":""0"",""identifier"":""kwha"",""isChart"":1,""isHistory"":1,""isMonitor"":1,""isReadonly"":1,""isSharePerm"":1,""modelId"":883,""modelName"":""电表a"",""modelOrder"":0,""params"":{},""productId"":136,""productName"":""mqtt测试"",""specs"":""{\""type\"":\""integer\"",\""min\"":0,\""max\"":100,\""unit\"":\""\"",\""step\"":1}"",""tenantId"":1,""tenantName"":""admin"",""type"":1,""updateBy"":"""",""updateTime"":""2024-11-19 15:01:59.931""}","{""msg"":""操作成功"",""code"":200}",0,,"2024-11-19 15:01:59"
16,物模型,2,com.fastbee.data.controller.ThingsModelController.edit(),PUT,1,admin,,/iot/model,"127.0.0.1",内网IP,"{""createBy"":"""",""createTime"":""2024-11-18 19:59:48"",""datatype"":""integer"",""delFlag"":""0"",""identifier"":""kwha"",""isChart"":1,""isHistory"":1,""isMonitor"":1,""isReadonly"":1,""isSharePerm"":1,""modelId"":883,""modelName"":""电表a"",""modelOrder"":3,""params"":{},""productId"":136,""productName"":""mqtt测试"",""specs"":""{\""type\"":\""integer\"",\""min\"":0,\""max\"":100,\""unit\"":\""\"",\""step\"":1}"",""tenantId"":1,""tenantName"":""admin"",""type"":1,""updateBy"":"""",""updateTime"":""2024-11-19 15:02:09.226""}","{""msg"":""操作成功"",""code"":200}",0,,"2024-11-19 15:02:09"
17,物模型,1,com.fastbee.data.controller.ThingsModelController.add(),POST,1,admin,,/iot/model,"127.0.0.1",内网IP,"{""createTime"":""2024-11-19 15:02:35.936"",""datatype"":""integer"",""identifier"":""kwhb"",""isChart"":1,""isHistory"":1,""isMonitor"":1,""isReadonly"":1,""isSharePerm"":1,""modelId"":885,""modelName"":""电表2"",""modelOrder"":1,""params"":{},""productId"":136,""productName"":""mqtt测试"",""specs"":""{\""type\"":\""integer\"",\""min\"":1,\""max\"":100,\""unit\"":\""\"",\""step\"":1}"",""tenantId"":1,""tenantName"":""admin"",""type"":1}","{""msg"":""操作成功"",""code"":200}",0,,"2024-11-19 15:02:35"
18,更新产品状态,2,com.fastbee.data.controller.ProductController.changeProductStatus(),PUT,1,admin,,/iot/product/status/,"127.0.0.1",内网IP,"{""deviceType"":2,""productId"":136,""status"":2}","{""msg"":""操作成功"",""code"":200}",0,,"2024-11-19 15:02:41"
19,新闻资讯,3,com.fastbee.data.controller.NewsController.remove(),DELETE,1,admin,,"/iot/news/8,7,6,5,4,3,2,1","127.0.0.1",内网IP,{},"{""msg"":""操作成功"",""code"":200}",0,,"2024-11-19 15:46:46"
20,第三方登录平台控制,3,com.fastbee.data.controller.SocialPlatformController.remove(),DELETE,1,admin,,"/iot/platform/1,2,3,4,5,6","127.0.0.1",内网IP,{},"{""msg"":""操作成功"",""code"":200}",0,,"2024-11-19 15:46:57"
21,新闻分类,3,com.fastbee.data.controller.NewsCategoryController.remove(),DELETE,1,admin,,"/iot/newsCategory/2,1","127.0.0.1",内网IP,{},"{""msg"":""删除成功"",""code"":200}",0,,"2024-11-19 15:47:03"
22,通知公告,3,com.fastbee.web.controller.system.SysNoticeController.remove(),DELETE,1,admin,,"/system/notice/1,2","127.0.0.1",内网IP,{},"{""msg"":""操作成功"",""code"":200}",0,,"2024-11-19 15:47:22"
23,机构管理,2,com.fastbee.web.controller.system.SysDeptController.edit(),PUT,1,admin,,/system/dept,"127.0.0.1",内网IP,"{""ancestors"":""0"",""children"":[],""deptId"":100,""deptName"":""信通公司"",""deptType"":1,""deptUserId"":1,""email"":""164770707@qq.com"",""leader"":""admin"",""orderNum"":0,""params"":{},""parentId"":0,""phone"":""15888888888"",""showOwner"":true,""status"":""0"",""updateBy"":""admin"",""userName"":""admin""}","{""msg"":""操作成功"",""code"":200}",0,,"2024-11-19 15:51:26"
24,机构管理,2,com.fastbee.web.controller.system.SysDeptController.edit(),PUT,1,admin,,/system/dept,"127.0.0.1",内网IP,"{""ancestors"":""0,100"",""children"":[],""deptId"":101,""deptName"":""web端注册用户归属机构"",""deptType"":2,""deptUserId"":7,""leader"":""admin"",""orderNum"":0,""params"":{},""parentId"":100,""parentName"":""信通公司"",""phone"":""15888888885"",""showOwner"":true,""status"":""0"",""updateBy"":""admin"",""userName"":""fastbee-web""}","{""msg"":""操作成功"",""code"":200}",0,,"2024-11-19 15:51:38"
25,用户管理,2,com.fastbee.web.controller.system.SysUserController.edit(),PUT,1,admin,,/system/user,"127.0.0.1",内网IP,"{""admin"":false,""avatar"":"""",""createBy"":"""",""createTime"":""2024-05-08 16:35:49"",""delFlag"":""0"",""dept"":{""ancestors"":""0,100"",""children"":[],""deptId"":101,""deptName"":""web端注册用户归属机构"",""deptUserId"":7,""deptUserName"":""fastbee-web"",""leader"":""admin"",""orderNum"":0,""params"":{},""parentId"":100,""status"":""0""},""deptId"":101,""email"":"""",""loginIp"":"""",""nickName"":""朝阳"",""params"":{},""phonenumber"":""15888888885"",""postIds"":[],""roleIds"":[7],""roles"":[{""admin"":false,""dataScope"":""1"",""deptCheckStrictly"":false,""flag"":false,""menuCheckStrictly"":false,""params"":{},""roleId"":7,""roleKey"":""manager"",""roleName"":""管理员"",""roleSort"":1,""status"":""0""}],""sex"":""0"",""status"":""0"",""updateBy"":""admin"",""userId"":7,""userName"":""fastbee-web""}","{""msg"":""操作成功"",""code"":200}",0,,"2024-11-19 15:52:40"
26,机构管理,2,com.fastbee.web.controller.system.SysDeptController.edit(),PUT,1,admin,,/system/dept,"127.0.0.1",内网IP,"{""ancestors"":""0,100"",""children"":[],""deptId"":101,""deptName"":""注册用户归属机构"",""deptType"":2,""deptUserId"":7,""leader"":""admin"",""orderNum"":0,""params"":{},""parentId"":100,""parentName"":""信通公司"",""phone"":""15888888885"",""showOwner"":true,""status"":""0"",""updateBy"":""admin"",""userName"":""fastbee-web""}","{""msg"":""操作成功"",""code"":200}",0,,"2024-11-19 15:53:14"
27,用户管理,3,com.fastbee.web.controller.system.SysUserController.remove(),DELETE,1,admin,,/system/user/6,"127.0.0.1",内网IP,{},"{""msg"":""操作成功"",""code"":200}",0,,"2024-11-19 15:53:35"
28,用户管理,3,com.fastbee.web.controller.system.SysUserController.remove(),DELETE,1,admin,,/system/user/5,"127.0.0.1",内网IP,{},"{""msg"":""操作成功"",""code"":200}",0,,"2024-11-19 15:53:38"
29,用户管理,3,com.fastbee.web.controller.system.SysUserController.remove(),DELETE,1,admin,,/system/user/4,"127.0.0.1",内网IP,{},"{""msg"":""操作成功"",""code"":200}",0,,"2024-11-19 15:53:40"
30,用户管理,3,com.fastbee.web.controller.system.SysUserController.remove(),DELETE,1,admin,,/system/user/3,"127.0.0.1",内网IP,{},"{""msg"":""操作成功"",""code"":200}",0,,"2024-11-19 15:53:42"
31,用户管理,2,com.fastbee.web.controller.system.SysUserController.edit(),PUT,1,admin,,/system/user,"127.0.0.1",内网IP,"{""admin"":false,""avatar"":"""",""createBy"":""admin"",""createTime"":""2022-04-15 16:21:25"",""delFlag"":""0"",""dept"":{""ancestors"":""0"",""children"":[],""deptId"":100,""deptName"":""信通公司"",""deptUserId"":1,""deptUserName"":""admin"",""leader"":""admin"",""orderNum"":0,""params"":{},""parentId"":0,""status"":""0""},""deptId"":100,""email"":"""",""loginDate"":""2023-08-29 14:52:27"",""loginIp"":""61.145.97.26"",""nickName"":""旭日"",""params"":{},""phonenumber"":""15888888880"",""postIds"":[],""roleIds"":[2],""roles"":[{""admin"":false,""dataScope"":""5"",""deptCheckStrictly"":false,""flag"":false,""menuCheckStrictly"":false,""params"":{},""roleId"":2,""roleKey"":""tenant"",""roleName"":""设备租户"",""roleSort"":2,""status"":""0""}],""sex"":""0"",""status"":""0"",""updateBy"":""admin"",""userId"":2,""userName"":""fastbee-t1""}","{""msg"":""操作成功"",""code"":200}",0,,"2024-11-19 15:53:54"
32,用户管理,3,com.fastbee.web.controller.system.SysUserController.remove(),DELETE,1,admin,,/system/user/2,"127.0.0.1",内网IP,{},"{""msg"":""操作成功"",""code"":200}",0,,"2024-11-19 15:54:03"
33,产品分类,1,com.fastbee.data.controller.CategoryController.add(),POST,1,admin,,/iot/category,"127.0.0.1",内网IP,"{""categoryId"":8,""categoryName"":""梵蒂冈地方"",""createTime"":""2024-11-19 15:59:56.333"",""isSys"":1,""orderNum"":0,""params"":{},""tenantId"":1,""tenantName"":""admin""}","{""msg"":""操作成功"",""code"":200}",0,,"2024-11-19 15:59:56"
34,产品分类,3,com.fastbee.data.controller.CategoryController.remove(),DELETE,1,admin,,/iot/category/8,"127.0.0.1",内网IP,{},"{""msg"":""删除成功"",""code"":200}",0,,"2024-11-19 16:00:07"
35,角色管理,2,com.fastbee.web.controller.system.SysRoleController.edit(),PUT,1,admin,,/system/role,"127.0.0.1",内网IP,"{""admin"":false,""createTime"":""2024-05-08 16:55:16"",""dataScope"":""1"",""delFlag"":""0"",""deptCheckStrictly"":true,""deptId"":101,""flag"":false,""menuCheckStrictly"":true,""menuIds"":[2000,3001,3033,2043,2019,2007,2049,2050,2051,2054,3002,3003,3034,3035,2001,2002,2003,2006,2044,3206,3207,3208,3209,3210,2020,2021,2008,3247,3248,3249,3250,3251,3252,3253,2009,2010,2011,2147,3219,3220,3221,3222,2148,3214,3215,3216,3217,3218,2012,3044,5,100,1001,1002,1003,1004,1005,1006,1007,101,1008,1009,1010,1011,1012,103,1017,1018,1019,1020,3,114,115,1055,1056,1058,1057,1059,1060,116],""params"":{},""roleId"":8,""roleKey"":""general"",""roleName"":""web端注册用户"",""roleSort"":0,""status"":""0"",""updateBy"":""admin""}","{""msg"":""操作成功"",""code"":200}",0,,"2024-11-19 16:01:53"
36,通知公告,1,com.fastbee.web.controller.system.SysNoticeController.add(),POST,1,admin,,/system/notice,"127.0.0.1",内网IP,"{""createBy"":""admin"",""noticeContent"":""<p>光辐射大概</p>"",""noticeTitle"":""通知"",""noticeType"":""1"",""params"":{},""status"":""0""}","{""msg"":""操作成功"",""code"":200}",0,,"2024-11-19 16:08:33"
37,用户管理,2,com.fastbee.web.controller.system.SysUserController.edit(),PUT,1,admin,,/system/user,"127.0.0.1",内网IP,"{""admin"":false,""avatar"":"""",""createBy"":"""",""createTime"":""2024-11-19 17:12:09"",""delFlag"":""0"",""dept"":{""ancestors"":""0,100"",""children"":[],""deptId"":101,""deptName"":""注册用户归属机构"",""deptUserId"":7,""deptUserName"":""zzu"",""leader"":""admin"",""orderNum"":0,""params"":{},""parentId"":100,""status"":""0""},""deptId"":101,""email"":"""",""loginDate"":""2024-11-19 17:12:24"",""loginIp"":""127.0.0.1"",""nickName"":""zzuie"",""params"":{},""phonenumber"":""18588221409"",""postIds"":[],""roleIds"":[7],""roles"":[{""admin"":false,""dataScope"":""1"",""deptCheckStrictly"":false,""flag"":false,""menuCheckStrictly"":false,""params"":{},""roleId"":8,""roleKey"":""general"",""roleName"":""web端注册用户"",""roleSort"":0,""status"":""0""}],""sex"":""0"",""status"":""0"",""updateBy"":""admin"",""userId"":43,""userName"":""zzuie""}","{""msg"":""操作成功"",""code"":200}",0,,"2024-11-19 17:13:04"
38,角色管理,2,com.fastbee.web.controller.system.SysRoleController.edit(),PUT,1,admin,,/system/role,"127.0.0.1",内网IP,"{""admin"":false,""createTime"":""2024-05-08 16:55:16"",""dataScope"":""1"",""delFlag"":""0"",""deptCheckStrictly"":true,""deptId"":101,""flag"":false,""menuCheckStrictly"":true,""menuIds"":[3000,2000,2049,2050,2051,2054,3001,3002,3003,3004,3005,3006,3033,3034,3035,3036,3037,3038,2001,2002,2003,2006,2043,2044,2045,2046,2047,2048,2140,2136,2137,2138,2139,3206,3207,3208,3209,3210,3211,2019,2020,2021,2022,2023,2024,2007,2008,3247,3248,3249,3250,3251,3252,3253,2009,2010,2011,2147,3219,3220,3221,3222,2148,3214,3215,3216,3217,3218,2012,3044,3239,3240,3007,3008,3009,3010,3011,3012,3039,3040,3041,3042,3043,3102,3103,3104,3105,3106,3107,3108,3109,3110,3111,3112,3113,3114,3115,3158,3116,3117,5,100,1001,1002,1003,1004,1005,1006,1007,101,1008,1009,1010,1011,1012,103,1017,1018,1019,1020],""params"":{},""roleId"":8,""roleKey"":""general"",""roleName"":""web端注册用户"",""roleSort"":0,""status"":""0"",""updateBy"":""admin""}","{""msg"":""操作成功"",""code"":200}",0,,"2024-11-19 17:14:25"
39,用户管理,2,com.fastbee.web.controller.system.SysUserController.edit(),PUT,1,admin,,/system/user,"127.0.0.1",内网IP,"{""admin"":false,""avatar"":"""",""createBy"":"""",""createTime"":""2024-11-19 17:12:09"",""delFlag"":""0"",""dept"":{""ancestors"":""0,100"",""children"":[],""deptId"":101,""deptName"":""注册用户归属机构"",""deptUserId"":7,""deptUserName"":""zzu"",""leader"":""admin"",""orderNum"":0,""params"":{},""parentId"":100,""status"":""0""},""deptId"":101,""email"":"""",""loginDate"":""2024-11-19 17:14:42"",""loginIp"":""127.0.0.1"",""nickName"":""zzuie"",""params"":{},""phonenumber"":""18588221409"",""postIds"":[],""roleIds"":[8],""roles"":[{""admin"":false,""dataScope"":""1"",""deptCheckStrictly"":false,""flag"":false,""menuCheckStrictly"":false,""params"":{},""roleId"":7,""roleKey"":""manager"",""roleName"":""管理员"",""roleSort"":1,""status"":""0""}],""sex"":""0"",""status"":""0"",""updateBy"":""admin"",""userId"":43,""userName"":""zzuie""}","{""msg"":""操作成功"",""code"":200}",0,,"2024-11-19 17:16:13"
40,在线用户,7,com.fastbee.web.controller.monitor.SysUserOnlineController.forceLogout(),DELETE,1,admin,,/monitor/online/d0da8485-395a-4c99-aecc-2c130509d2b7,"127.0.0.1",内网IP,{},"{""msg"":""操作成功"",""code"":200}",0,,"2024-11-19 17:23:33"
41,在线用户,7,com.fastbee.web.controller.monitor.SysUserOnlineController.forceLogout(),DELETE,1,admin,,/monitor/online/d6644180-4adc-4c6f-a7d8-dd235eeef84c,"127.0.0.1",内网IP,{},"{""msg"":""操作成功"",""code"":200}",0,,"2024-11-19 17:23:36"
42,在线用户,7,com.fastbee.web.controller.monitor.SysUserOnlineController.forceLogout(),DELETE,1,admin,,/monitor/online/138d1394-9230-4518-83f7-9e4067af1e4b,"127.0.0.1",内网IP,{},"{""msg"":""操作成功"",""code"":200}",0,,"2024-11-19 17:23:40"
43,在线用户,7,com.fastbee.web.controller.monitor.SysUserOnlineController.forceLogout(),DELETE,1,admin,,/monitor/online/89fbe5f1-51ec-4937-932e-51fd34edeee3,"127.0.0.1",内网IP,{},"{""msg"":""操作成功"",""code"":200}",0,,"2024-11-19 17:23:42"
44,在线用户,7,com.fastbee.web.controller.monitor.SysUserOnlineController.forceLogout(),DELETE,1,admin,,/monitor/online/4eae5302-ca41-4d8d-8f7e-c72ee93c0879,"127.0.0.1",内网IP,{},"{""msg"":""操作成功"",""code"":200}",0,,"2024-11-19 17:23:44"
45,在线用户,7,com.fastbee.web.controller.monitor.SysUserOnlineController.forceLogout(),DELETE,1,admin,,/monitor/online/46f57354-da30-4ea5-9437-74340278e300,"127.0.0.1",内网IP,{},"{""msg"":""操作成功"",""code"":200}",0,,"2024-11-19 17:23:46"
46,菜单管理,2,com.fastbee.web.controller.system.SysMenuController.edit(),PUT,1,admin,,/system/menu,"127.0.0.1",内网IP,"{""children"":[],""createTime"":""2023-10-17 09:14:05"",""icon"":""cloud"",""isCache"":""0"",""isFrame"":""1"",""menuId"":3190,""menuName"":""云云对接"",""menuType"":""M"",""orderNum"":3,""params"":{},""parentId"":0,""path"":""speaker"",""perms"":"""",""status"":""1"",""updateBy"":""admin"",""visible"":""0""}","{""msg"":""操作成功"",""code"":200}",0,,"2024-11-19 17:25:11"
47,分组,3,com.fastbee.data.controller.GroupController.remove(),DELETE,1,admin,,/iot/group/2,"127.0.0.1",内网IP,{},"{""msg"":""操作成功"",""code"":200}",0,,"2024-11-19 17:26:52"
48,分组,3,com.fastbee.data.controller.GroupController.remove(),DELETE,1,admin,,/iot/group/3,"127.0.0.1",内网IP,{},"{""msg"":""操作成功"",""code"":200}",0,,"2024-11-19 17:26:54"
49,分组,3,com.fastbee.data.controller.GroupController.remove(),DELETE,1,admin,,/iot/group/4,"127.0.0.1",内网IP,{},"{""msg"":""操作成功"",""code"":200}",0,,"2024-11-19 17:26:56"
50,分组,3,com.fastbee.data.controller.GroupController.remove(),DELETE,1,admin,,/iot/group/5,"127.0.0.1",内网IP,{},"{""msg"":""操作成功"",""code"":200}",0,,"2024-11-19 17:26:58"
51,分组,3,com.fastbee.data.controller.GroupController.remove(),DELETE,1,admin,,/iot/group/6,"127.0.0.1",内网IP,{},"{""msg"":""操作成功"",""code"":200}",0,,"2024-11-19 17:27:00"
52,分组,1,com.fastbee.data.controller.GroupController.add(),POST,1,admin,,/iot/group,"127.0.0.1",内网IP,"{""createTime"":""2024-11-19 17:27:23.335"",""groupId"":7,""groupName"":""电站A区"",""groupOrder"":1,""params"":{},""userId"":1,""userName"":""admin""}","{""msg"":""操作成功"",""code"":200}",0,,"2024-11-19 17:27:23"
53,设备分组,2,com.fastbee.data.controller.GroupController.updateDeviceGroups(),PUT,1,admin,,/iot/group/updateDeviceGroups,"127.0.0.1",内网IP,"{""deviceIds"":[229],""groupId"":7}","{""msg"":""操作成功"",""code"":200}",0,,"2024-11-19 17:27:36"
54,更新产品状态,2,com.fastbee.data.controller.ProductController.changeProductStatus(),PUT,1,admin,,/iot/product/status/,"127.0.0.1",内网IP,"{""deviceType"":1,""productId"":41,""status"":1}","{""msg"":""操作成功"",""code"":200}",0,,"2024-11-20 14:56:00"
55,产品,3,com.fastbee.data.controller.ProductController.remove(),DELETE,1,admin,,/iot/product/41,"127.0.0.1",内网IP,{},"{""msg"":""删除失败，请先删除对应产品下的设备"",""code"":500}",0,,"2024-11-20 14:56:08"
56,sip系统配置,3,com.fastbee.data.controller.media.SipConfigController.removeByProductId(),DELETE,1,admin,,/sip/sipconfig/product/41,"127.0.0.1",内网IP,{},"{""msg"":""操作成功"",""code"":200,""data"":0}",0,,"2024-11-20 14:56:08"
57,删除设备,3,com.fastbee.data.controller.DeviceController.remove(),DELETE,1,admin,,/iot/device/108,"127.0.0.1",内网IP,{},"{""msg"":""操作成功"",""code"":200}",0,,"2024-11-20 14:56:15"
58,sip系统配置,3,com.fastbee.data.controller.media.SipConfigController.removeByProductId(),DELETE,1,admin,,/sip/sipconfig/product/41,"127.0.0.1",内网IP,{},"{""msg"":""操作成功"",""code"":200,""data"":0}",0,,"2024-11-20 14:56:24"
59,产品,3,com.fastbee.data.controller.ProductController.remove(),DELETE,1,admin,,/iot/product/41,"127.0.0.1",内网IP,{},"{""msg"":""删除成功"",""code"":200}",0,,"2024-11-20 14:56:24"
60,删除设备,3,com.fastbee.data.controller.DeviceController.remove(),DELETE,1,admin,,/iot/device/109,"127.0.0.1",内网IP,{},"{""msg"":""操作成功"",""code"":200}",0,,"2024-11-20 14:56:33"
61,删除设备,3,com.fastbee.data.controller.DeviceController.remove(),DELETE,1,admin,,/iot/device/228,"127.0.0.1",内网IP,{},"{""msg"":""操作成功"",""code"":200}",0,,"2024-11-20 14:56:36"
62,更新产品状态,2,com.fastbee.data.controller.ProductController.changeProductStatus(),PUT,1,admin,,/iot/product/status/,"127.0.0.1",内网IP,"{""deviceType"":2,""productId"":96,""status"":1}","{""msg"":""操作成功"",""code"":200}",0,,"2024-11-20 14:57:00"
63,sip系统配置,3,com.fastbee.data.controller.media.SipConfigController.removeByProductId(),DELETE,1,admin,,/sip/sipconfig/product/96,"127.0.0.1",内网IP,{},"{""msg"":""操作成功"",""code"":200,""data"":0}",0,,"2024-11-20 14:57:14"
64,产品,3,com.fastbee.data.controller.ProductController.remove(),DELETE,1,admin,,/iot/product/96,"127.0.0.1",内网IP,{},"{""msg"":""删除成功"",""code"":200}",0,,"2024-11-20 14:57:14"
65,监控设备,3,com.fastbee.data.controller.media.SipDeviceController.remove(),DELETE,1,admin,,/sip/device/sipid/11010100001320000001,"127.0.0.1",内网IP,{},"{""msg"":""操作成功"",""code"":200}",0,,"2024-11-20 14:57:24"
66,删除设备,3,com.fastbee.data.controller.DeviceController.remove(),DELETE,1,admin,,/iot/device/186,"127.0.0.1",内网IP,{},"{""msg"":""操作成功"",""code"":200}",0,,"2024-11-20 14:57:24"
67,更新产品状态,2,com.fastbee.data.controller.ProductController.changeProductStatus(),PUT,1,admin,,/iot/product/status/,"127.0.0.1",内网IP,"{""deviceType"":3,""productId"":135,""status"":1}","{""msg"":""操作成功"",""code"":200}",0,,"2024-11-20 14:57:35"
68,sip系统配置,3,com.fastbee.data.controller.media.SipConfigController.removeByProductId(),DELETE,1,admin,,/sip/sipconfig/product/135,"127.0.0.1",内网IP,{},"{""msg"":""操作成功"",""code"":200,""data"":1}",0,,"2024-11-20 14:57:44"
69,产品,3,com.fastbee.data.controller.ProductController.remove(),DELETE,1,admin,,/iot/product/135,"127.0.0.1",内网IP,{},"{""msg"":""删除成功"",""code"":200}",0,,"2024-11-20 14:57:44"
70,产品分类,1,com.fastbee.data.controller.CategoryController.add(),POST,1,admin,,/iot/category,"127.0.0.1",内网IP,"{""categoryId"":9,""categoryName"":""电网设备"",""createTime"":""2024-11-20 14:59:49.198"",""isSys"":1,""orderNum"":0,""params"":{},""tenantId"":1,""tenantName"":""admin""}","{""msg"":""操作成功"",""code"":200}",0,,"2024-11-20 14:59:49"
71,产品分类,2,com.fastbee.data.controller.CategoryController.edit(),PUT,1,admin,,/iot/category,"127.0.0.1",内网IP,"{""categoryId"":9,""categoryName"":""电网设备"",""createTime"":""2024-11-20 14:59:49"",""isSys"":1,""orderNum"":0,""params"":{},""remark"":""电表，电站"",""tenantId"":1,""tenantName"":""admin"",""updateTime"":""2024-11-20 15:00:10.281""}","{""msg"":""操作成功"",""code"":200}",0,,"2024-11-20 15:00:10"
72,添加产品,1,com.fastbee.data.controller.ProductController.add(),POST,1,admin,,/iot/product,"127.0.0.1",内网IP,"{""categoryId"":9,""categoryName"":""电网设备"",""createTime"":""2024-11-20 15:04:00.002"",""deviceType"":2,""imgUrl"":"""",""isAuthorize"":0,""isSys"":0,""locationWay"":1,""mqttAccount"":""FastBee"",""mqttPassword"":""P49FBX4H359FY5K0"",""mqttSecret"":""K2065EH134I7MRY7"",""networkMethod"":1,""params"":{},""productId"":137,""productName"":""电流demo"",""protocolCode"":""JSON"",""status"":1,""tenantId"":1,""tenantName"":""admin"",""transport"":""MQTT"",""vertificateMethod"":3}","{""msg"":""操作成功"",""code"":200,""data"":{""categoryId"":9,""categoryName"":""电网设备"",""createTime"":""2024-11-20 15:04:00.002"",""deviceType"":2,""imgUrl"":"""",""isAuthorize"":0,""isSys"":0,""locationWay"":1,""mqttAccount"":""FastBee"",""mqttPassword"":""P49FBX4H359FY5K0"",""mqttSecret"":""K2065EH134I7MRY7"",""networkMethod"":1,""params"":{},""productId"":137,""productName"":""电流demo"",""protocolCode"":""JSON"",""status"":1,""tenantId"":1,""tenantName"":""admin"",""transport"":""MQTT"",""vertificateMethod"":3}}",0,,"2024-11-20 15:04:00"
73,物模型,1,com.fastbee.data.controller.ThingsModelController.add(),POST,1,admin,,/iot/model,"127.0.0.1",内网IP,"{""createTime"":""2024-11-20 15:05:39.346"",""datatype"":""integer"",""identifier"":""current"",""isChart"":1,""isHistory"":1,""isMonitor"":1,""isReadonly"":1,""isSharePerm"":1,""modelId"":886,""modelName"":""电流demo"",""modelOrder"":0,""params"":{},""productId"":137,""productName"":""电流demo"",""specs"":""{\""type\"":\""integer\"",\""min\"":1,\""max\"":100,\""unit\"":\""A\"",\""step\"":1}"",""tenantId"":1,""tenantName"":""admin"",""type"":1}","{""msg"":""操作成功"",""code"":200}",0,,"2024-11-20 15:05:39"
74,sip系统配置,3,com.fastbee.data.controller.media.SipConfigController.removeByProductId(),DELETE,1,admin,,/sip/sipconfig/product/137,"127.0.0.1",内网IP,{},"{""msg"":""操作成功"",""code"":200,""data"":0}",0,,"2024-11-20 15:16:13"
75,产品,3,com.fastbee.data.controller.ProductController.remove(),DELETE,1,admin,,/iot/product/137,"127.0.0.1",内网IP,{},"{""msg"":""删除成功"",""code"":200}",0,,"2024-11-20 15:16:13"
76,添加产品,1,com.fastbee.data.controller.ProductController.add(),POST,1,admin,,/iot/product,"127.0.0.1",内网IP,"{""categoryId"":9,""categoryName"":""电网设备"",""createTime"":""2024-11-20 15:16:34.052"",""deviceType"":1,""imgUrl"":"""",""isAuthorize"":0,""isSys"":0,""locationWay"":1,""mqttAccount"":""FastBee"",""mqttPassword"":""P4AXJ8R9V9C6QUVY"",""mqttSecret"":""KBFS469W87B7WM57"",""networkMethod"":1,""params"":{},""productId"":138,""productName"":""的封建时代"",""protocolCode"":""JSON"",""status"":1,""tenantId"":1,""tenantName"":""admin"",""transport"":""MQTT"",""vertificateMethod"":3}","{""msg"":""操作成功"",""code"":200,""data"":{""categoryId"":9,""categoryName"":""电网设备"",""createTime"":""2024-11-20 15:16:34.052"",""deviceType"":1,""imgUrl"":"""",""isAuthorize"":0,""isSys"":0,""locationWay"":1,""mqttAccount"":""FastBee"",""mqttPassword"":""P4AXJ8R9V9C6QUVY"",""mqttSecret"":""KBFS469W87B7WM57"",""networkMethod"":1,""params"":{},""productId"":138,""productName"":""的封建时代"",""protocolCode"":""JSON"",""status"":1,""tenantId"":1,""tenantName"":""admin"",""transport"":""MQTT"",""vertificateMethod"":3}}",0,,"2024-11-20 15:16:34"
77,sip系统配置,3,com.fastbee.data.controller.media.SipConfigController.removeByProductId(),DELETE,1,admin,,/sip/sipconfig/product/138,"127.0.0.1",内网IP,{},"{""msg"":""操作成功"",""code"":200,""data"":0}",0,,"2024-11-20 15:16:59"
78,产品,3,com.fastbee.data.controller.ProductController.remove(),DELETE,1,admin,,/iot/product/138,"127.0.0.1",内网IP,{},"{""msg"":""删除成功"",""code"":200}",0,,"2024-11-20 15:16:59"
79,添加产品,1,com.fastbee.data.controller.ProductController.add(),POST,1,admin,,/iot/product,"127.0.0.1",内网IP,"{""categoryId"":9,""categoryName"":""电网设备"",""createTime"":""2024-11-20 15:19:25.441"",""deviceType"":1,""imgUrl"":"""",""isAuthorize"":0,""isSys"":0,""locationWay"":1,""mqttAccount"":""FastBee"",""mqttPassword"":""PN2O646J4W3PG03V"",""mqttSecret"":""KJ5PG03RQ814L7U4"",""networkMethod"":1,""params"":{},""productId"":139,""productName"":""53"",""protocolCode"":""JSON"",""status"":1,""tenantId"":1,""tenantName"":""admin"",""transport"":""MQTT"",""vertificateMethod"":3}","{""msg"":""操作成功"",""code"":200,""data"":{""categoryId"":9,""categoryName"":""电网设备"",""createTime"":""2024-11-20 15:19:25.441"",""deviceType"":1,""imgUrl"":"""",""isAuthorize"":0,""isSys"":0,""locationWay"":1,""mqttAccount"":""FastBee"",""mqttPassword"":""PN2O646J4W3PG03V"",""mqttSecret"":""KJ5PG03RQ814L7U4"",""networkMethod"":1,""params"":{},""productId"":139,""productName"":""53"",""protocolCode"":""JSON"",""status"":1,""tenantId"":1,""tenantName"":""admin"",""transport"":""MQTT"",""vertificateMethod"":3}}",0,,"2024-11-20 15:19:25"
80,添加产品,1,com.fastbee.data.controller.ProductController.add(),POST,1,admin,,/iot/product,"127.0.0.1",内网IP,"{""categoryId"":9,""categoryName"":""电网设备"",""createTime"":""2024-11-20 15:20:16.287"",""deviceType"":1,""imgUrl"":"""",""isAuthorize"":0,""isSys"":0,""locationWay"":1,""mqttAccount"":""FastBee"",""mqttPassword"":""PX1L1586250Z0U72"",""mqttSecret"":""K3UI6UAZJL9W4FD2"",""networkMethod"":1,""params"":{},""productId"":140,""productName"":""342"",""protocolCode"":""JSON"",""status"":1,""tenantId"":1,""tenantName"":""admin"",""transport"":""MQTT"",""vertificateMethod"":3}","{""msg"":""操作成功"",""code"":200,""data"":{""categoryId"":9,""categoryName"":""电网设备"",""createTime"":""2024-11-20 15:20:16.287"",""deviceType"":1,""imgUrl"":"""",""isAuthorize"":0,""isSys"":0,""locationWay"":1,""mqttAccount"":""FastBee"",""mqttPassword"":""PX1L1586250Z0U72"",""mqttSecret"":""K3UI6UAZJL9W4FD2"",""networkMethod"":1,""params"":{},""productId"":140,""productName"":""342"",""protocolCode"":""JSON"",""status"":1,""tenantId"":1,""tenantName"":""admin"",""transport"":""MQTT"",""vertificateMethod"":3}}",0,,"2024-11-20 15:20:16"
81,添加产品,1,com.fastbee.data.controller.ProductController.add(),POST,1,admin,,/iot/product,"127.0.0.1",内网IP,"{""categoryId"":9,""categoryName"":""电网设备"",""createTime"":""2024-11-20 15:22:06.056"",""deviceType"":1,""imgUrl"":"""",""isAuthorize"":0,""isSys"":0,""locationWay"":1,""mqttAccount"":""FastBee"",""mqttPassword"":""P9WWEWW070K37VUI"",""mqttSecret"":""K89WAUI52I9TNXF7"",""networkMethod"":1,""params"":{},""productId"":141,""productName"":""地方"",""protocolCode"":""JSON"",""status"":1,""tenantId"":1,""tenantName"":""admin"",""transport"":""MQTT"",""vertificateMethod"":3}","{""msg"":""操作成功"",""code"":200,""data"":{""categoryId"":9,""categoryName"":""电网设备"",""createTime"":""2024-11-20 15:22:06.056"",""deviceType"":1,""imgUrl"":"""",""isAuthorize"":0,""isSys"":0,""locationWay"":1,""mqttAccount"":""FastBee"",""mqttPassword"":""P9WWEWW070K37VUI"",""mqttSecret"":""K89WAUI52I9TNXF7"",""networkMethod"":1,""params"":{},""productId"":141,""productName"":""地方"",""protocolCode"":""JSON"",""status"":1,""tenantId"":1,""tenantName"":""admin"",""transport"":""MQTT"",""vertificateMethod"":3}}",0,,"2024-11-20 15:22:06"
82,添加产品,1,com.fastbee.data.controller.ProductController.add(),POST,1,admin,,/iot/product,"127.0.0.1",内网IP,"{""categoryId"":9,""categoryName"":""电网设备"",""createTime"":""2024-11-20 15:22:43.445"",""deviceType"":1,""imgUrl"":"""",""isAuthorize"":0,""isSys"":0,""locationWay"":1,""mqttAccount"":""FastBee"",""mqttPassword"":""P9F3JL86UY42M6P1"",""mqttSecret"":""KC33Q61387S44LQU"",""networkMethod"":1,""params"":{},""productId"":142,""productName"":""423"",""protocolCode"":""JSON"",""status"":1,""tenantId"":1,""tenantName"":""admin"",""transport"":""MQTT"",""vertificateMethod"":3}","{""msg"":""操作成功"",""code"":200,""data"":{""categoryId"":9,""categoryName"":""电网设备"",""createTime"":""2024-11-20 15:22:43.445"",""deviceType"":1,""imgUrl"":"""",""isAuthorize"":0,""isSys"":0,""locationWay"":1,""mqttAccount"":""FastBee"",""mqttPassword"":""P9F3JL86UY42M6P1"",""mqttSecret"":""KC33Q61387S44LQU"",""networkMethod"":1,""params"":{},""productId"":142,""productName"":""423"",""protocolCode"":""JSON"",""status"":1,""tenantId"":1,""tenantName"":""admin"",""transport"":""MQTT"",""vertificateMethod"":3}}",0,,"2024-11-20 15:22:43"
83,添加产品,1,com.fastbee.data.controller.ProductController.add(),POST,1,admin,,/iot/product,"127.0.0.1",内网IP,"{""categoryId"":9,""categoryName"":""电网设备"",""createTime"":""2024-11-20 15:39:27.967"",""deviceType"":1,""imgUrl"":"""",""isAuthorize"":0,""isSys"":0,""locationWay"":1,""mqttAccount"":""zzu"",""mqttPassword"":""P2Q2W159Y1RU9JN1"",""mqttSecret"":""K3I36AGYL0YX70RP"",""networkMethod"":1,""params"":{},""productId"":143,""productName"":""534"",""protocolCode"":""JSON"",""status"":1,""tenantId"":1,""tenantName"":""admin"",""transport"":""MQTT"",""vertificateMethod"":3}","{""msg"":""操作成功"",""code"":200,""data"":{""categoryId"":9,""categoryName"":""电网设备"",""createTime"":""2024-11-20 15:39:27.967"",""deviceType"":1,""imgUrl"":"""",""isAuthorize"":0,""isSys"":0,""locationWay"":1,""mqttAccount"":""zzu"",""mqttPassword"":""P2Q2W159Y1RU9JN1"",""mqttSecret"":""K3I36AGYL0YX70RP"",""networkMethod"":1,""params"":{},""productId"":143,""productName"":""534"",""protocolCode"":""JSON"",""status"":1,""tenantId"":1,""tenantName"":""admin"",""transport"":""MQTT"",""vertificateMethod"":3}}",0,,"2024-11-20 15:39:28"
84,sip系统配置,3,com.fastbee.data.controller.media.SipConfigController.removeByProductId(),DELETE,1,admin,,/sip/sipconfig/product/143,"127.0.0.1",内网IP,{},"{""msg"":""操作成功"",""code"":200,""data"":0}",0,,"2024-11-20 15:39:41"
85,产品,3,com.fastbee.data.controller.ProductController.remove(),DELETE,1,admin,,/iot/product/143,"127.0.0.1",内网IP,{},"{""msg"":""删除成功"",""code"":200}",0,,"2024-11-20 15:39:41"
86,sip系统配置,3,com.fastbee.data.controller.media.SipConfigController.removeByProductId(),DELETE,1,admin,,/sip/sipconfig/product/142,"127.0.0.1",内网IP,{},"{""msg"":""操作成功"",""code"":200,""data"":0}",0,,"2024-11-20 15:39:43"
87,产品,3,com.fastbee.data.controller.ProductController.remove(),DELETE,1,admin,,/iot/product/142,"127.0.0.1",内网IP,{},"{""msg"":""删除成功"",""code"":200}",0,,"2024-11-20 15:39:43"
88,sip系统配置,3,com.fastbee.data.controller.media.SipConfigController.removeByProductId(),DELETE,1,admin,,/sip/sipconfig/product/141,"127.0.0.1",内网IP,{},"{""msg"":""操作成功"",""code"":200,""data"":0}",0,,"2024-11-20 15:39:45"
89,产品,3,com.fastbee.data.controller.ProductController.remove(),DELETE,1,admin,,/iot/product/141,"127.0.0.1",内网IP,{},"{""msg"":""删除成功"",""code"":200}",0,,"2024-11-20 15:39:46"
90,sip系统配置,3,com.fastbee.data.controller.media.SipConfigController.removeByProductId(),DELETE,1,admin,,/sip/sipconfig/product/140,"127.0.0.1",内网IP,{},"{""msg"":""操作成功"",""code"":200,""data"":0}",0,,"2024-11-20 15:39:49"
91,产品,3,com.fastbee.data.controller.ProductController.remove(),DELETE,1,admin,,/iot/product/140,"127.0.0.1",内网IP,{},"{""msg"":""删除成功"",""code"":200}",0,,"2024-11-20 15:39:50"
92,sip系统配置,3,com.fastbee.data.controller.media.SipConfigController.removeByProductId(),DELETE,1,admin,,/sip/sipconfig/product/139,"127.0.0.1",内网IP,{},"{""msg"":""操作成功"",""code"":200,""data"":0}",0,,"2024-11-20 15:39:53"
93,产品,3,com.fastbee.data.controller.ProductController.remove(),DELETE,1,admin,,/iot/product/139,"127.0.0.1",内网IP,{},"{""msg"":""删除成功"",""code"":200}",0,,"2024-11-20 15:39:53"
94,添加设备,1,com.fastbee.data.controller.DeviceController.add(),POST,1,admin,,/iot/device,"127.0.0.1",内网IP,"{""createTime"":""2024-11-20 15:40:40.545"",""deviceId"":230,""deviceName"":""demo"",""deviceType"":2,""firmwareVersion"":1,""imgUrl"":"""",""isShadow"":0,""isSimulate"":0,""locationWay"":1,""networkAddress"":""内网IP"",""networkIp"":""127.0.0.1"",""params"":{},""productId"":136,""productName"":""mqtt测试"",""rssi"":0,""serialNumber"":""D1OHVM73PMGU"",""status"":1,""subDeviceList"":[],""tenantId"":1,""tenantName"":""admin"",""thingsModelValue"":""[{\""id\"":\""kwhb\"",\""isChart\"":0,\""isHistory\"":0,\""isMonitor\"":0,\""isReadonly\"":0,\""name\"":\""电表2\"",\""shadow\"":\""\"",\""value\"":\""\""},{\""id\"":\""kwhc\"",\""isChart\"":0,\""isHistory\"":0,\""isMonitor\"":0,\""isReadonly\"":0,\""name\"":\""总电量\"",\""shadow\"":\""\"",\""value\"":\""\""},{\""id\"":\""kwha\"",\""isChart\"":0,\""isHistory\"":0,\""isMonitor\"":0,\""isReadonly\"":0,\""name\"":\""电表a\"",\""shadow\"":\""\"",\""value\"":\""\""}]""}","{""msg"":""操作成功"",""code"":200,""data"":{""createTime"":""2024-11-20 15:40:40.545"",""deviceId"":230,""deviceName"":""demo"",""deviceType"":2,""firmwareVersion"":1,""imgUrl"":"""",""isShadow"":0,""isSimulate"":0,""locationWay"":1,""networkAddress"":""内网IP"",""networkIp"":""127.0.0.1"",""params"":{},""productId"":136,""productName"":""mqtt测试"",""rssi"":0,""serialNumber"":""D1OHVM73PMGU"",""status"":1,""subDeviceList"":[],""tenantId"":1,""tenantName"":""admin"",""thingsModelValue"":""[{\""id\"":\""kwhb\"",\""isChart\"":0,\""isHistory\"":0,\""isMonitor\"":0,\""isReadonly\"":0,\""name\"":\""电表2\"",\""shadow\"":\""\"",\""value\"":\""\""},{\""id\"":\""kwhc\"",\""isChart\"":0,\""isHistory\"":0,\""isMonitor\"":0,\""isReadonly\"":0,\""name\"":\""总电量\"",\""shadow\"":\""\"",\""value\"":\""\""},{\""id\"":\""kwha\"",\""isChart\"":0,\""isHistory\"":0,\""isMonitor\"":0,\""isReadonly\"":0,\""name\"":\""电表a\"",\""shadow\"":\""\"",\""value\"":\""\""}]""}}",0,,"2024-11-20 15:40:41"
95,删除设备,3,com.fastbee.data.controller.DeviceController.remove(),DELETE,1,admin,,/iot/device/230,"127.0.0.1",内网IP,{},"{""msg"":""操作成功"",""code"":200}",0,,"2024-11-20 15:41:33"
96,产品分类,1,com.fastbee.data.controller.CategoryController.add(),POST,1,admin,,/iot/category,"127.0.0.1",内网IP,"{""categoryId"":10,""categoryName"":""电网类demo"",""createTime"":""2024-11-20 15:44:04.669"",""isSys"":1,""orderNum"":0,""params"":{},""remark"":""电表，变电站"",""tenantId"":1,""tenantName"":""admin""}","{""msg"":""操作成功"",""code"":200}",0,,"2024-11-20 15:44:04"
97,添加产品,1,com.fastbee.data.controller.ProductController.add(),POST,1,admin,,/iot/product,"127.0.0.1",内网IP,"{""categoryId"":10,""categoryName"":""电网类demo"",""createTime"":""2024-11-20 15:44:32.635"",""deviceType"":1,""imgUrl"":"""",""isAuthorize"":0,""isSys"":0,""locationWay"":1,""mqttAccount"":""zzu"",""mqttPassword"":""PUM555RFF3V2284D"",""mqttSecret"":""K63353D679WUI9GG"",""networkMethod"":1,""params"":{},""productId"":144,""productName"":""电网demo"",""protocolCode"":""JSON"",""status"":1,""tenantId"":1,""tenantName"":""admin"",""transport"":""MQTT"",""vertificateMethod"":3}","{""msg"":""操作成功"",""code"":200,""data"":{""categoryId"":10,""categoryName"":""电网类demo"",""createTime"":""2024-11-20 15:44:32.635"",""deviceType"":1,""imgUrl"":"""",""isAuthorize"":0,""isSys"":0,""locationWay"":1,""mqttAccount"":""zzu"",""mqttPassword"":""PUM555RFF3V2284D"",""mqttSecret"":""K63353D679WUI9GG"",""networkMethod"":1,""params"":{},""productId"":144,""productName"":""电网demo"",""protocolCode"":""JSON"",""status"":1,""tenantId"":1,""tenantName"":""admin"",""transport"":""MQTT"",""vertificateMethod"":3}}",0,,"2024-11-20 15:44:32"
98,更新产品状态,2,com.fastbee.data.controller.ProductController.changeProductStatus(),PUT,1,admin,,/iot/product/status/,"127.0.0.1",内网IP,"{""deviceType"":1,""productId"":144,""status"":2}","{""msg"":""发布失败，请先添加产品的物模型"",""code"":500}",0,,"2024-11-20 15:44:45"
99,物模型,1,com.fastbee.data.controller.ThingsModelController.add(),POST,1,admin,,/iot/model,"127.0.0.1",内网IP,"{""createTime"":""2024-11-20 15:45:30.502"",""datatype"":""integer"",""identifier"":""kwha"",""isChart"":1,""isHistory"":1,""isMonitor"":1,""isReadonly"":1,""isSharePerm"":1,""modelId"":887,""modelName"":""电流表a"",""modelOrder"":0,""params"":{},""productId"":144,""productName"":""电网demo"",""specs"":""{\""type\"":\""integer\"",\""min\"":0,\""max\"":100,\""unit\"":\""A\"",\""step\"":1}"",""tenantId"":1,""tenantName"":""admin"",""type"":1}","{""msg"":""操作成功"",""code"":200}",0,,"2024-11-20 15:45:30"
100,物模型,1,com.fastbee.data.controller.ThingsModelController.add(),POST,1,admin,,/iot/model,"127.0.0.1",内网IP,"{""createTime"":""2024-11-20 15:46:04.627"",""datatype"":""integer"",""identifier"":""kwhb"",""isChart"":1,""isHistory"":1,""isMonitor"":1,""isReadonly"":1,""isSharePerm"":1,""modelId"":888,""modelName"":""电流表b"",""modelOrder"":0,""params"":{},""productId"":144,""productName"":""电网demo"",""specs"":""{\""type\"":\""integer\"",\""min\"":1,\""max\"":100,\""unit\"":\""A\"",\""step\"":1}"",""tenantId"":1,""tenantName"":""admin"",""type"":1}","{""msg"":""操作成功"",""code"":200}",0,,"2024-11-20 15:46:04"
101,物模型,1,com.fastbee.data.controller.ThingsModelController.add(),POST,1,admin,,/iot/model,"127.0.0.1",内网IP,"{""createTime"":""2024-11-20 15:46:44.045"",""datatype"":""integer"",""identifier"":""kwhc"",""isChart"":1,""isHistory"":1,""isMonitor"":1,""isReadonly"":1,""isSharePerm"":1,""modelId"":889,""modelName"":""电流表合计"",""modelOrder"":0,""params"":{},""productId"":144,""productName"":""电网demo"",""specs"":""{\""type\"":\""integer\"",\""min\"":1,\""max\"":100,\""unit\"":\""A\"",\""step\"":1}"",""tenantId"":1,""tenantName"":""admin"",""type"":1}","{""msg"":""操作成功"",""code"":200}",0,,"2024-11-20 15:46:44"
102,更新产品状态,2,com.fastbee.data.controller.ProductController.changeProductStatus(),PUT,1,admin,,/iot/product/status/,"127.0.0.1",内网IP,"{""deviceType"":1,""productId"":144,""status"":2}","{""msg"":""操作成功"",""code"":200}",0,,"2024-11-20 15:46:48"
103,分组,1,com.fastbee.data.controller.GroupController.add(),POST,1,admin,,/iot/group,"127.0.0.1",内网IP,"{""createTime"":""2024-11-20 15:47:16.045"",""groupId"":8,""groupName"":""电站B区"",""groupOrder"":2,""params"":{},""userId"":1,""userName"":""admin""}","{""msg"":""操作成功"",""code"":200}",0,,"2024-11-20 15:47:16"
104,添加设备,1,com.fastbee.data.controller.DeviceController.add(),POST,1,admin,,/iot/device,"127.0.0.1",内网IP,"{""createTime"":""2024-11-20 15:47:57.292"",""deviceId"":231,""deviceName"":""电表demo"",""deviceType"":1,""firmwareVersion"":1,""imgUrl"":"""",""isShadow"":0,""isSimulate"":0,""locationWay"":1,""networkAddress"":"" 本机地址"",""networkIp"":""127.0.0.1"",""params"":{},""productId"":144,""productName"":""电网demo"",""rssi"":0,""serialNumber"":""D185X123NSOB"",""status"":1,""subDeviceList"":[],""tenantId"":1,""tenantName"":""admin"",""thingsModelValue"":""[{\""id\"":\""kwhb\"",\""isChart\"":0,\""isHistory\"":0,\""isMonitor\"":0,\""isReadonly\"":0,\""name\"":\""电流表b\"",\""shadow\"":\""\"",\""value\"":\""\""},{\""id\"":\""kwhc\"",\""isChart\"":0,\""isHistory\"":0,\""isMonitor\"":0,\""isReadonly\"":0,\""name\"":\""电流表合计\"",\""shadow\"":\""\"",\""value\"":\""\""},{\""id\"":\""kwha\"",\""isChart\"":0,\""isHistory\"":0,\""isMonitor\"":0,\""isReadonly\"":0,\""name\"":\""电流表a\"",\""shadow\"":\""\"",\""value\"":\""\""}]""}","{""msg"":""操作成功"",""code"":200,""data"":{""createTime"":""2024-11-20 15:47:57.292"",""deviceId"":231,""deviceName"":""电表demo"",""deviceType"":1,""firmwareVersion"":1,""imgUrl"":"""",""isShadow"":0,""isSimulate"":0,""locationWay"":1,""networkAddress"":"" 本机地址"",""networkIp"":""127.0.0.1"",""params"":{},""productId"":144,""productName"":""电网demo"",""rssi"":0,""serialNumber"":""D185X123NSOB"",""status"":1,""subDeviceList"":[],""tenantId"":1,""tenantName"":""admin"",""thingsModelValue"":""[{\""id\"":\""kwhb\"",\""isChart\"":0,\""isHistory\"":0,\""isMonitor\"":0,\""isReadonly\"":0,\""name\"":\""电流表b\"",\""shadow\"":\""\"",\""value\"":\""\""},{\""id\"":\""kwhc\"",\""isChart\"":0,\""isHistory\"":0,\""isMonitor\"":0,\""isReadonly\"":0,\""name\"":\""电流表合计\"",\""shadow\"":\""\"",\""value\"":\""\""},{\""id\"":\""kwha\"",\""isChart\"":0,\""isHistory\"":0,\""isMonitor\"":0,\""isReadonly\"":0,\""name\"":\""电流表a\"",\""shadow\"":\""\"",\""value\"":\""\""}]""}}",0,,"2024-11-20 15:47:57"
105,产品分类,1,com.fastbee.data.controller.CategoryController.add(),POST,1,admin,,/iot/category,"127.0.0.1",内网IP,"{""categoryId"":11,""categoryName"":""电网类test"",""createTime"":""2024-11-20 16:18:10.306"",""isSys"":1,""orderNum"":0,""params"":{},""tenantId"":1,""tenantName"":""admin""}","{""msg"":""操作成功"",""code"":200}",0,,"2024-11-20 16:18:10"
106,添加产品,1,com.fastbee.data.controller.ProductController.add(),POST,1,admin,,/iot/product,"127.0.0.1",内网IP,"{""categoryId"":11,""categoryName"":""电网类test"",""createTime"":""2024-11-20 16:18:45.78"",""deviceType"":1,""imgUrl"":"""",""isAuthorize"":0,""isSys"":0,""locationWay"":1,""mqttAccount"":""zzu"",""mqttPassword"":""P5MG4UJS947S4F20"",""mqttSecret"":""KO7D26736XN998D3"",""networkMethod"":1,""params"":{},""productId"":145,""productName"":""电网test"",""protocolCode"":""JSON"",""status"":1,""tenantId"":1,""tenantName"":""admin"",""transport"":""MQTT"",""vertificateMethod"":3}","{""msg"":""操作成功"",""code"":200,""data"":{""categoryId"":11,""categoryName"":""电网类test"",""createTime"":""2024-11-20 16:18:45.78"",""deviceType"":1,""imgUrl"":"""",""isAuthorize"":0,""isSys"":0,""locationWay"":1,""mqttAccount"":""zzu"",""mqttPassword"":""P5MG4UJS947S4F20"",""mqttSecret"":""KO7D26736XN998D3"",""networkMethod"":1,""params"":{},""productId"":145,""productName"":""电网test"",""protocolCode"":""JSON"",""status"":1,""tenantId"":1,""tenantName"":""admin"",""transport"":""MQTT"",""vertificateMethod"":3}}",0,,"2024-11-20 16:18:45"
107,物模型,1,com.fastbee.data.controller.ThingsModelController.add(),POST,1,admin,,/iot/model,"127.0.0.1",内网IP,"{""createTime"":""2024-11-20 16:19:26.223"",""datatype"":""integer"",""identifier"":""kwha"",""isChart"":1,""isHistory"":1,""isMonitor"":1,""isReadonly"":1,""isSharePerm"":1,""modelId"":890,""modelName"":""电流表"",""modelOrder"":3,""params"":{},""productId"":145,""productName"":""电网test"",""specs"":""{\""type\"":\""integer\"",\""min\"":1,\""max\"":100,\""unit\"":\""A\"",\""step\"":1}"",""tenantId"":1,""tenantName"":""admin"",""type"":1}","{""msg"":""操作成功"",""code"":200}",0,,"2024-11-20 16:19:26"
108,物模型,1,com.fastbee.data.controller.ThingsModelController.add(),POST,1,admin,,/iot/model,"127.0.0.1",内网IP,"{""createTime"":""2024-11-20 16:19:55.316"",""datatype"":""integer"",""identifier"":""kwhb"",""isChart"":1,""isHistory"":1,""isMonitor"":1,""isReadonly"":1,""isSharePerm"":1,""modelId"":891,""modelName"":""电流表b"",""modelOrder"":2,""params"":{},""productId"":145,""productName"":""电网test"",""specs"":""{\""type\"":\""integer\"",\""min\"":0,\""max\"":100,\""unit\"":\""A\"",\""step\"":1}"",""tenantId"":1,""tenantName"":""admin"",""type"":1}","{""msg"":""操作成功"",""code"":200}",0,,"2024-11-20 16:19:55"
109,物模型,1,com.fastbee.data.controller.ThingsModelController.add(),POST,1,admin,,/iot/model,"127.0.0.1",内网IP,"{""createTime"":""2024-11-20 16:20:26.769"",""datatype"":""integer"",""identifier"":""kwhc"",""isChart"":1,""isHistory"":1,""isMonitor"":1,""isReadonly"":1,""isSharePerm"":1,""modelId"":892,""modelName"":""总电流"",""modelOrder"":0,""params"":{},""productId"":145,""productName"":""电网test"",""specs"":""{\""type\"":\""integer\"",\""min\"":0,\""max\"":100,\""unit\"":\""A\"",\""step\"":1}"",""tenantId"":1,""tenantName"":""admin"",""type"":1}","{""msg"":""操作成功"",""code"":200}",0,,"2024-11-20 16:20:26"
110,更新产品状态,2,com.fastbee.data.controller.ProductController.changeProductStatus(),PUT,1,admin,,/iot/product/status/,"127.0.0.1",内网IP,"{""deviceType"":1,""productId"":145,""status"":2}","{""msg"":""操作成功"",""code"":200}",0,,"2024-11-20 16:20:31"
111,分组,1,com.fastbee.data.controller.GroupController.add(),POST,1,admin,,/iot/group,"127.0.0.1",内网IP,"{""createTime"":""2024-11-20 16:21:01.075"",""groupId"":9,""groupName"":""电站C区"",""groupOrder"":3,""params"":{},""userId"":1,""userName"":""admin""}","{""msg"":""操作成功"",""code"":200}",0,,"2024-11-20 16:21:01"
112,添加设备,1,com.fastbee.data.controller.DeviceController.add(),POST,1,admin,,/iot/device,"127.0.0.1",内网IP,"{""createTime"":""2024-11-20 16:21:39.127"",""deviceId"":232,""deviceName"":""电表test"",""deviceType"":1,""firmwareVersion"":1,""imgUrl"":"""",""isShadow"":0,""isSimulate"":0,""locationWay"":1,""networkAddress"":"" 本机地址"",""networkIp"":""127.0.0.1"",""params"":{},""productId"":145,""productName"":""电网test"",""rssi"":0,""serialNumber"":""D172TGZE5E93"",""status"":1,""subDeviceList"":[],""tenantId"":1,""tenantName"":""admin"",""thingsModelValue"":""[{\""id\"":\""kwhb\"",\""isChart\"":0,\""isHistory\"":0,\""isMonitor\"":0,\""isReadonly\"":0,\""name\"":\""电流表b\"",\""shadow\"":\""\"",\""value\"":\""\""},{\""id\"":\""kwhc\"",\""isChart\"":0,\""isHistory\"":0,\""isMonitor\"":0,\""isReadonly\"":0,\""name\"":\""总电流\"",\""shadow\"":\""\"",\""value\"":\""\""},{\""id\"":\""kwha\"",\""isChart\"":0,\""isHistory\"":0,\""isMonitor\"":0,\""isReadonly\"":0,\""name\"":\""电流表\"",\""shadow\"":\""\"",\""value\"":\""\""}]""}","{""msg"":""操作成功"",""code"":200,""data"":{""createTime"":""2024-11-20 16:21:39.127"",""deviceId"":232,""deviceName"":""电表test"",""deviceType"":1,""firmwareVersion"":1,""imgUrl"":"""",""isShadow"":0,""isSimulate"":0,""locationWay"":1,""networkAddress"":"" 本机地址"",""networkIp"":""127.0.0.1"",""params"":{},""productId"":145,""productName"":""电网test"",""rssi"":0,""serialNumber"":""D172TGZE5E93"",""status"":1,""subDeviceList"":[],""tenantId"":1,""tenantName"":""admin"",""thingsModelValue"":""[{\""id\"":\""kwhb\"",\""isChart\"":0,\""isHistory\"":0,\""isMonitor\"":0,\""isReadonly\"":0,\""name\"":\""电流表b\"",\""shadow\"":\""\"",\""value\"":\""\""},{\""id\"":\""kwhc\"",\""isChart\"":0,\""isHistory\"":0,\""isMonitor\"":0,\""isReadonly\"":0,\""name\"":\""总电流\"",\""shadow\"":\""\"",\""value\"":\""\""},{\""id\"":\""kwha\"",\""isChart\"":0,\""isHistory\"":0,\""isMonitor\"":0,\""isReadonly\"":0,\""name\"":\""电流表\"",\""shadow\"":\""\"",\""value\"":\""\""}]""}}",0,,"2024-11-20 16:21:39"
113,角色管理,3,com.fastbee.web.controller.system.SysRoleController.remove(),DELETE,1,admin,,/system/role/6,"127.0.0.1",内网IP,{},"{""msg"":""操作成功"",""code"":200}",0,,"2024-11-20 17:01:48"
